epoch,accuracy,loss,val_accuracy,val_loss
1,0.034540001302957535,5.022337436676025,0.06459999829530716,4.773808002471924
