epoch,accuracy,loss,val_accuracy,val_loss
1,0.026820000261068344,5.097846508026123,0.04479999840259552,4.8771514892578125
2,0.054590001702308655,4.825868606567383,0.07760000228881836,4.688075542449951
