epoch,accuracy,loss,val_accuracy,val_loss
1,0.0047900001518428326,5.316555500030518,0.004399999976158142,5.306222438812256
