epoch,accuracy,loss,val_accuracy,val_loss
1,0.02078000083565712,5.176289081573486,0.046300001442432404,4.902188777923584
