epoch,accuracy,loss,val_accuracy,val_loss
1,0.03220999985933304,5.044039249420166,0.06520000100135803,4.776183128356934
