epoch,accuracy,loss,val_accuracy,val_loss
1,0.03533000126481056,5.008881092071533,0.0706000030040741,4.736415386199951
