epoch,accuracy,loss,val_accuracy,val_loss
1,0.02858000062406063,5.065455436706543,0.05939999967813492,4.758891582489014
2,0.0675399973988533,4.731897354125977,0.08990000188350677,4.5906453132629395
