epoch,accuracy,loss,val_accuracy,val_loss
1,0.032910000532865524,5.021753311157227,0.06530000269412994,4.7602009773254395
