epoch,accuracy,loss,val_accuracy,val_loss
1,0.005030000116676092,5.316995620727539,0.004999999888241291,5.298929214477539
